{
    "class_name": "bottle",
    "ROCAUC": 0.996031746031746,
    "AP": 0.9987434171186782,
    "pixel_ROCAUC": 0.9814083661385046,
    "pixel_AP": 0.7689872345322512,
    "pixel_pro": 0.9469682494657274
}