{
    "class_name": "cable",
    "ROCAUC": 0.858695652173913,
    "AP": 0.903796032150813,
    "pixel_ROCAUC": 0.9537701451774813,
    "pixel_AP": 0.4059871216227676,
    "pixel_pro": 0.8667968885100708
}