{
    "class_name": "capsule",
    "ROCAUC": 0.8667730355005983,
    "AP": 0.9537066686515707,
    "pixel_ROCAUC": 0.9822152618231896,
    "pixel_AP": 0.40594787554035117,
    "pixel_pro": 0.9078880255666788
}