{
    "class_name": "carpet",
    "ROCAUC": 0.982744783306581,
    "AP": 0.9952089888872477,
    "pixel_ROCAUC": 0.9874148894283825,
    "pixel_AP": 0.6370215920675777,
    "pixel_pro": 0.9561113161425643
}