{
    "class_name": "grid",
    "ROCAUC": 0.9047619047619049,
    "AP": 0.9670967828125558,
    "pixel_ROCAUC": 0.9412304418307186,
    "pixel_AP": 0.2667211866238002,
    "pixel_pro": 0.8584086888448271
}