{
    "class_name": "hazelnut",
    "ROCAUC": 0.835,
    "AP": 0.8414494957388339,
    "pixel_ROCAUC": 0.9793469337284942,
    "pixel_AP": 0.5821017397180166,
    "pixel_pro": 0.9294044408243151
}