{
    "class_name": "leather",
    "ROCAUC": 0.9874320652173914,
    "AP": 0.9945248639951771,
    "pixel_ROCAUC": 0.9904091300804412,
    "pixel_AP": 0.4537980735191715,
    "pixel_pro": 0.9718919103530212
}