{
    "class_name": "metal_nut",
    "ROCAUC": 0.9755620723362658,
    "AP": 0.9941666269073732,
    "pixel_ROCAUC": 0.9671800362944193,
    "pixel_AP": 0.7774500469078895,
    "pixel_pro": 0.905611093263807
}