{
    "class_name": "pill",
    "ROCAUC": 0.870430987452264,
    "AP": 0.9729027272160597,
    "pixel_ROCAUC": 0.9470065097683281,
    "pixel_AP": 0.49717118909355074,
    "pixel_pro": 0.933782842521266
}