{
    "class_name": "screw",
    "ROCAUC": 0.7710596433695429,
    "AP": 0.905722095706565,
    "pixel_ROCAUC": 0.9741550776693885,
    "pixel_AP": 0.1926820114790937,
    "pixel_pro": 0.9125515848678811
}