{
    "class_name": "tile",
    "ROCAUC": 0.9599567099567099,
    "AP": 0.984405829161022,
    "pixel_ROCAUC": 0.9170843810993226,
    "pixel_AP": 0.415923629563797,
    "pixel_pro": 0.7515681041441157
}