{
    "class_name": "toothbrush",
    "ROCAUC": 0.9500000000000001,
    "AP": 0.9784698665912077,
    "pixel_ROCAUC": 0.9859412383573388,
    "pixel_AP": 0.47160902856381115,
    "pixel_pro": 0.9173820120577505
}