{
    "class_name": "transistor",
    "ROCAUC": 0.9308333333333334,
    "AP": 0.9148275561266092,
    "pixel_ROCAUC": 0.9683992739267115,
    "pixel_AP": 0.6659992028850718,
    "pixel_pro": 0.9056963614586389
}