{
    "class_name": "wood",
    "ROCAUC": 0.986842105263158,
    "AP": 0.9959474904276514,
    "pixel_ROCAUC": 0.9404696285705347,
    "pixel_AP": 0.42599006928594224,
    "pixel_pro": 0.9069233845250434
}