{
    "class_name": "zipper",
    "ROCAUC": 0.7355567226890757,
    "AP": 0.8851471616821501,
    "pixel_ROCAUC": 0.9759803159175673,
    "pixel_AP": 0.4420756051691878,
    "pixel_pro": 0.923002322696872
}