{
    "class_name": "bottle",
    "ROCAUC": 0.9992063492063492,
    "AP": 0.999751984126984,
    "pixel_ROCAUC": 0.9813116371644873,
    "pixel_AP": 0.7593849262257527,
    "pixel_pro": 0.947908745831851
}