{
    "class_name": "cable",
    "ROCAUC": 0.8894302848575711,
    "AP": 0.9227694104558269,
    "pixel_ROCAUC": 0.9603163257133905,
    "pixel_AP": 0.45366402501394804,
    "pixel_pro": 0.8476382201552212
}