{
    "class_name": "capsule",
    "ROCAUC": 0.9174311926605505,
    "AP": 0.9501718188247009,
    "pixel_ROCAUC": 0.9858667423906651,
    "pixel_AP": 0.4711894604639295,
    "pixel_pro": 0.9234990459962585
}