{
    "class_name": "carpet",
    "ROCAUC": 0.9923756019261637,
    "AP": 0.9977386226636746,
    "pixel_ROCAUC": 0.9873595169634999,
    "pixel_AP": 0.5707977098256335,
    "pixel_pro": 0.9526450152509927
}