{
    "class_name": "grid",
    "ROCAUC": 0.9022556390977444,
    "AP": 0.9663417976617856,
    "pixel_ROCAUC": 0.9709597237215182,
    "pixel_AP": 0.3073761531467151,
    "pixel_pro": 0.9039489204632366
}