{
    "class_name": "hazelnut",
    "ROCAUC": 0.9814285714285714,
    "AP": 0.9890053383376207,
    "pixel_ROCAUC": 0.9798320455018428,
    "pixel_AP": 0.5343093126924003,
    "pixel_pro": 0.9338137062505036
}