{
    "class_name": "leather",
    "ROCAUC": 1.0,
    "AP": 1.0000000000000002,
    "pixel_ROCAUC": 0.9885524314622453,
    "pixel_AP": 0.3637901924520101,
    "pixel_pro": 0.9686168006060966
}