{
    "class_name": "metal_nut",
    "ROCAUC": 0.9936461388074291,
    "AP": 0.9984896286567424,
    "pixel_ROCAUC": 0.9632980450658998,
    "pixel_AP": 0.7722981157051703,
    "pixel_pro": 0.9134071382349955
}