{
    "class_name": "pill",
    "ROCAUC": 0.9620840152755047,
    "AP": 0.9929860706402249,
    "pixel_ROCAUC": 0.9554147031918652,
    "pixel_AP": 0.5495801012655828,
    "pixel_pro": 0.94053477570129
}