{
    "class_name": "screw",
    "ROCAUC": 0.8509940561590489,
    "AP": 0.9351623282770491,
    "pixel_ROCAUC": 0.9858545290780778,
    "pixel_AP": 0.25601478351610985,
    "pixel_pro": 0.9441948142266321
}