{
    "class_name": "tile",
    "ROCAUC": 0.9866522366522367,
    "AP": 0.9954298011511105,
    "pixel_ROCAUC": 0.9396800745760612,
    "pixel_AP": 0.4857987441678916,
    "pixel_pro": 0.8189740325321576
}