{
    "class_name": "toothbrush",
    "ROCAUC": 0.9277777777777778,
    "AP": 0.9645835466009258,
    "pixel_ROCAUC": 0.9887448145902198,
    "pixel_AP": 0.5596274971473074,
    "pixel_pro": 0.9210935181835622
}