{
    "class_name": "transistor",
    "ROCAUC": 0.9708333333333332,
    "AP": 0.9564138273562561,
    "pixel_ROCAUC": 0.9650980194392497,
    "pixel_AP": 0.7169441545878545,
    "pixel_pro": 0.9241359446302069
}