{
    "class_name": "wood",
    "ROCAUC": 0.9947368421052631,
    "AP": 0.998440170940171,
    "pixel_ROCAUC": 0.9384234235432948,
    "pixel_AP": 0.3791234462808969,
    "pixel_pro": 0.8915028431519627
}