{
    "class_name": "zipper",
    "ROCAUC": 0.8836659663865546,
    "AP": 0.9530690962336928,
    "pixel_ROCAUC": 0.9781946040288683,
    "pixel_AP": 0.4892962738692738,
    "pixel_pro": 0.9314810575703444
}